-- phpMyAdmin SQL Dump
-- version 4.0.10.7
-- http://www.phpmyadmin.net
--
-- Servidor: localhost:3306
-- Tiempo de generación: 27-10-2016 a las 15:30:01
-- Versión del servidor: 5.6.30-76.3-log
-- Versión de PHP: 5.4.31

SET SQL_MODE = "NO_AUTO_VALUE_ON_ZERO";
SET time_zone = "+00:00";


/*!40101 SET @OLD_CHARACTER_SET_CLIENT=@@CHARACTER_SET_CLIENT */;
/*!40101 SET @OLD_CHARACTER_SET_RESULTS=@@CHARACTER_SET_RESULTS */;
/*!40101 SET @OLD_COLLATION_CONNECTION=@@COLLATION_CONNECTION */;
/*!40101 SET NAMES utf8 */;

--
-- Base de datos: `tucommmp_encuestas`
--

-- --------------------------------------------------------

--
-- Estructura de tabla para la tabla `hoteles`
--

CREATE TABLE IF NOT EXISTS `hoteles` (
  `idHotel` bigint(20) NOT NULL AUTO_INCREMENT,
  `NombreHotel` text,
  `Eliminado` int(11) DEFAULT '0',
  `Imagenes` text,
  PRIMARY KEY (`idHotel`)
) ENGINE=InnoDB  DEFAULT CHARSET=latin1 AUTO_INCREMENT=5 ;

--
-- Volcado de datos para la tabla `hoteles`
--

INSERT INTO `hoteles` (`idHotel`, `NombreHotel`, `Eliminado`, `Imagenes`) VALUES
(1, 'Best Western', 0, 'best-western-logo.png'),
(2, 'Best Western Plus', 0, 'best-western-logo.png'),
(3, 'Waldorf Astoria', 0, 'wa.png'),
(4, 'Best Western Panamá', 0, 'bwp.png');

-- --------------------------------------------------------

--
-- Estructura de tabla para la tabla `login`
--

CREATE TABLE IF NOT EXISTS `login` (
  `idUsuario` bigint(20) NOT NULL AUTO_INCREMENT,
  `Usuario` text,
  `Clave` text,
  `eliminado` int(11) DEFAULT '1',
  `fechaCra` datetime DEFAULT NULL,
  `ip` text,
  `Nombre` text,
  `Apellido` text,
  `idHotel` bigint(20) DEFAULT NULL,
  PRIMARY KEY (`idUsuario`)
) ENGINE=InnoDB  DEFAULT CHARSET=latin1 AUTO_INCREMENT=4 ;

--
-- Volcado de datos para la tabla `login`
--

INSERT INTO `login` (`idUsuario`, `Usuario`, `Clave`, `eliminado`, `fechaCra`, `ip`, `Nombre`, `Apellido`, `idHotel`) VALUES
(1, 'arincon', '86f7e437faa5a7fce15d1ddcb9eaeaea377667b8', 1, '2016-04-21 00:00:00', '192.168.0.11', 'Andres', 'Rincon', 3),
(2, 'adminPrueba', 'cb2aeff2efc3afa81694cb9fe1bb5a150fcc8f9b', 1, '2016-04-22 15:22:00', '192.168.0.12\r\n', 'Waldorf', 'Astoria', 3),
(3, 'bwpadmin', 'f7c3bc1d808e04732adf679965ccc34ca7ae3441', 1, '2016-09-06 00:00:00', '192.168.0.12', 'Admin', 'Best Western', 4);

-- --------------------------------------------------------

--
-- Estructura de tabla para la tabla `preguntas`
--

CREATE TABLE IF NOT EXISTS `preguntas` (
  `IdPregunta` bigint(20) NOT NULL AUTO_INCREMENT,
  `Enunciado` text,
  `Hotel` int(11) DEFAULT NULL,
  `Eliminado` int(11) DEFAULT '0',
  PRIMARY KEY (`IdPregunta`)
) ENGINE=InnoDB  DEFAULT CHARSET=latin1 AUTO_INCREMENT=11 ;

--
-- Volcado de datos para la tabla `preguntas`
--

INSERT INTO `preguntas` (`IdPregunta`, `Enunciado`, `Hotel`, `Eliminado`) VALUES
(1, '¿Cómo fue su servicio de internet? / ¿How was your internet service?', 3, 0),
(2, '¿Cómo fue su estadía en el hotel? / ¿How was your stay in the hotel?', 3, 0),
(3, '¿Cómo fue su experiencia en el restaurante? / ¿How was your experience in the restaurant ?', 3, 0),
(4, '¿Cómo califica el servicio del personal del hotel? / ¿How do you rate the service of the hotel staff?', 3, 0),
(5, '¿Cómo califica las instalaciones del hotel? / ¿How do you rate the hotel?', 3, 0),
(6, '¿Cómo fue su servicio de internet? / ¿How was your internet service?', 4, 0),
(7, '¿Cómo fue su estadía en el hotel? / ¿How was your stay in the hotel?', 4, 0),
(8, '¿Cómo fue su experiencia en el restaurante? / ¿How was your experience in the restaurant ?', 4, 0),
(9, '¿Cómo califica el servicio del personal del hotel? / ¿How do you rate the service of the hotel staff?', 4, 0),
(10, '¿Cómo califica las instalaciones del hotel? / ¿How do you rate the hotel?', 4, 0);

-- --------------------------------------------------------

--
-- Estructura de tabla para la tabla `respuestas`
--

CREATE TABLE IF NOT EXISTS `respuestas` (
  `idRespuesta` bigint(20) NOT NULL AUTO_INCREMENT,
  `idHotel` bigint(20) DEFAULT NULL,
  `idPregunta` bigint(20) DEFAULT NULL,
  `nombre` text,
  `habitacion` int(11) DEFAULT NULL,
  `calificacion` int(11) DEFAULT NULL,
  `eliminado` int(11) DEFAULT '0',
  `Observacion` text,
  `fechaRegistro` datetime DEFAULT NULL,
  `fecha` date DEFAULT NULL,
  `ip` text,
  PRIMARY KEY (`idRespuesta`)
) ENGINE=InnoDB  DEFAULT CHARSET=latin1 AUTO_INCREMENT=161 ;

--
-- Volcado de datos para la tabla `respuestas`
--

INSERT INTO `respuestas` (`idRespuesta`, `idHotel`, `idPregunta`, `nombre`, `habitacion`, `calificacion`, `eliminado`, `Observacion`, `fechaRegistro`, `fecha`, `ip`) VALUES
(1, 3, 2, 'Steve Jobs ', 426, 3, 0, '', '2016-04-22 20:47:38', '2016-04-22', '190.146.224.114'),
(2, 3, 1, 'Steve Jobs ', 426, 5, 0, '', '2016-04-22 20:47:38', '2016-04-22', '190.146.224.114'),
(3, 3, 3, 'Steve Jobs ', 426, 1, 0, 'Me salió una mosca en la sopa', '2016-04-22 20:47:38', '2016-04-22', '190.146.224.114'),
(4, 3, 4, 'Steve Jobs ', 426, 4, 0, '', '2016-04-22 20:47:38', '2016-04-22', '190.146.224.114'),
(5, 3, 5, 'Steve Jobs ', 426, 5, 0, '', '2016-04-22 20:47:38', '2016-04-22', '190.146.224.114'),
(6, 3, 1, 'Bill Gates', 307, 4, 0, '', '2016-04-22 20:55:48', '2016-04-22', '190.146.224.114'),
(7, 3, 3, 'Bill Gates', 307, 3, 0, '', '2016-04-22 20:55:48', '2016-04-22', '190.146.224.114'),
(8, 3, 2, 'Bill Gates', 307, 5, 0, '', '2016-04-22 20:55:48', '2016-04-22', '190.146.224.114'),
(9, 3, 5, 'Bill Gates', 307, 4, 0, '', '2016-04-22 20:55:48', '2016-04-22', '190.146.224.114'),
(10, 3, 4, 'Bill Gates', 307, 3, 0, '', '2016-04-22 20:55:48', '2016-04-22', '190.146.224.114'),
(11, 3, 2, 'Steve Wozniak', 277, 4, 0, '', '2016-04-22 21:04:25', '2016-04-22', '190.146.224.114'),
(12, 3, 1, 'Steve Wozniak', 277, 5, 0, 'Excelente servicio.', '2016-04-22 21:04:25', '2016-04-22', '190.146.224.114'),
(13, 3, 3, 'Steve Wozniak', 277, 3, 0, '', '2016-04-22 21:04:25', '2016-04-22', '190.146.224.114'),
(14, 3, 4, 'Steve Wozniak', 277, 5, 0, '', '2016-04-22 21:04:25', '2016-04-22', '190.146.224.114'),
(15, 3, 5, 'Steve Wozniak', 277, 5, 0, '', '2016-04-22 21:04:25', '2016-04-22', '190.146.224.114'),
(16, 3, 2, 'Farez Prieto', 404, 2, 0, '', '2016-04-22 16:07:08', '2016-04-22', '190.146.224.114'),
(17, 3, 1, 'Farez Prieto', 404, 1, 0, '', '2016-04-22 16:07:08', '2016-04-22', '190.146.224.114'),
(18, 3, 3, 'Farez Prieto', 404, 3, 0, '', '2016-04-22 16:07:08', '2016-04-22', '190.146.224.114'),
(19, 3, 5, 'Farez Prieto', 404, 5, 0, '', '2016-04-22 16:07:08', '2016-04-22', '190.146.224.114'),
(20, 3, 4, 'Farez Prieto', 404, 4, 0, '', '2016-04-22 16:07:08', '2016-04-22', '190.146.224.114'),
(21, 3, 4, 'Ramón Valdez', 405, 2, 0, 'A ligação pareceu-me mal', '2016-04-22 16:09:17', '2016-04-22', '190.146.224.114'),
(22, 3, 1, 'Ramón Valdez', 405, 5, 0, 'A ligação pareceu-me mal', '2016-04-22 16:09:17', '2016-04-22', '190.146.224.114'),
(23, 3, 3, 'Ramón Valdez', 405, 3, 0, 'A ligação pareceu-me mal', '2016-04-22 16:09:17', '2016-04-22', '190.146.224.114'),
(24, 3, 2, 'Ramón Valdez', 405, 4, 0, 'A ligação pareceu-me mal', '2016-04-22 16:09:18', '2016-04-22', '190.146.224.114'),
(25, 3, 5, 'Ramón Valdez', 405, 1, 0, 'A ligação pareceu-me mal', '2016-04-22 16:09:18', '2016-04-22', '190.146.224.114'),
(26, 3, 2, 'Mark Zuckerberg', 299, 4, 0, '', '2016-04-22 16:20:53', '2016-04-22', '190.146.224.114'),
(27, 3, 1, 'Mark Zuckerberg', 299, 5, 0, 'El mejor de todos, ', '2016-04-22 16:20:53', '2016-04-22', '190.146.224.114'),
(28, 3, 3, 'Mark Zuckerberg', 299, 2, 0, '', '2016-04-22 16:20:53', '2016-04-22', '190.146.224.114'),
(29, 3, 5, 'Mark Zuckerberg', 299, 4, 0, '', '2016-04-22 16:20:53', '2016-04-22', '190.146.224.114'),
(30, 3, 4, 'Mark Zuckerberg', 299, 5, 0, '', '2016-04-22 16:20:53', '2016-04-22', '190.146.224.114'),
(31, 3, 2, 'Elkin Dussan', 305, 5, 0, '', '2016-05-27 16:55:52', '2016-05-27', '200.119.88.114'),
(32, 3, 1, 'Elkin Dussan', 305, 5, 0, '', '2016-05-27 16:55:53', '2016-05-27', '200.119.88.114'),
(33, 3, 5, 'Elkin Dussan', 305, 5, 0, '', '2016-05-27 16:55:53', '2016-05-27', '200.119.88.114'),
(34, 3, 4, 'Elkin Dussan', 305, 5, 0, '', '2016-05-27 16:55:53', '2016-05-27', '200.119.88.114'),
(35, 3, 3, 'Elkin Dussan', 305, 5, 0, '', '2016-05-27 16:55:53', '2016-05-27', '200.119.88.114'),
(36, 3, 1, 'Juan Perez', 207, 4, 0, '', '2016-06-03 15:31:57', '2016-06-03', '190.60.252.122'),
(37, 3, 2, 'Juan Perez', 207, 5, 0, '', '2016-06-03 15:31:57', '2016-06-03', '190.60.252.122'),
(38, 3, 4, 'Juan Perez', 207, 4, 0, '', '2016-06-03 15:31:57', '2016-06-03', '190.60.252.122'),
(39, 3, 3, 'Juan Perez', 207, 5, 0, '', '2016-06-03 15:31:57', '2016-06-03', '190.60.252.122'),
(40, 3, 5, 'Juan Perez', 207, 5, 0, '', '2016-06-03 15:31:58', '2016-06-03', '190.60.252.122'),
(41, 3, 1, 'Farez Prieto', 105, 1, 0, '', '2016-06-13 15:27:53', '2016-06-13', '190.146.224.114'),
(42, 3, 2, 'Farez Prieto', 105, 1, 0, '', '2016-06-13 15:27:53', '2016-06-13', '190.146.224.114'),
(43, 3, 4, 'Farez Prieto', 105, 1, 0, '', '2016-06-13 15:27:53', '2016-06-13', '190.146.224.114'),
(44, 3, 3, 'Farez Prieto', 105, 1, 0, '', '2016-06-13 15:27:53', '2016-06-13', '190.146.224.114'),
(45, 3, 5, 'Farez Prieto', 105, 1, 0, '', '2016-06-13 15:27:54', '2016-06-13', '190.146.224.114'),
(46, 3, 1, 'fgdffdg', 0, 3, 0, '13wqwrewrf| ', '2016-06-13 15:49:35', '2016-06-13', '190.146.224.114'),
(47, 3, 3, 'fgdffdg', 0, 4, 0, 'dfgdfgdg', '2016-06-13 15:49:35', '2016-06-13', '190.146.224.114'),
(48, 3, 5, 'fgdffdg', 0, 4, 0, 'fdsgdfgfd', '2016-06-13 15:49:35', '2016-06-13', '190.146.224.114'),
(49, 3, 2, 'fgdffdg', 0, 3, 0, 'ewrfdef|1', '2016-06-13 15:49:35', '2016-06-13', '190.146.224.114'),
(50, 3, 4, 'fgdffdg', 0, 4, 0, 'dsfsgf', '2016-06-13 15:49:35', '2016-06-13', '190.146.224.114'),
(51, 3, 1, 'Elkin Dussan', 305, 5, 0, '', '2016-07-07 11:16:29', '2016-07-07', '190.146.224.114'),
(52, 3, 2, 'Elkin Dussan', 305, 4, 0, '', '2016-07-07 11:16:29', '2016-07-07', '190.146.224.114'),
(53, 3, 4, 'Elkin Dussan', 305, 2, 0, '', '2016-07-07 11:16:29', '2016-07-07', '190.146.224.114'),
(54, 3, 3, 'Elkin Dussan', 305, 3, 0, '', '2016-07-07 11:16:29', '2016-07-07', '190.146.224.114'),
(55, 3, 5, 'Elkin Dussan', 305, 1, 0, '', '2016-07-07 11:16:29', '2016-07-07', '190.146.224.114'),
(56, 3, 1, 'Pepe Gomez', 304, 5, 0, '', '2016-08-02 13:00:09', '2016-08-02', '190.146.224.114'),
(57, 3, 3, 'Pepe Gomez', 304, 3, 0, '', '2016-08-02 13:00:09', '2016-08-02', '190.146.224.114'),
(58, 3, 5, 'Pepe Gomez', 304, 1, 0, '', '2016-08-02 13:00:10', '2016-08-02', '190.146.224.114'),
(59, 3, 4, 'Pepe Gomez', 304, 2, 0, '', '2016-08-02 13:00:10', '2016-08-02', '190.146.224.114'),
(60, 3, 2, 'Pepe Gomez', 304, 4, 0, '', '2016-08-02 13:00:10', '2016-08-02', '190.146.224.114'),
(61, 4, 6, 'Farez Prieto', 105, 5, 0, '', '2016-09-08 15:27:27', '2016-09-08', '190.146.224.114'),
(62, 4, 7, 'Farez Prieto', 105, 4, 0, '', '2016-09-08 15:27:28', '2016-09-08', '190.146.224.114'),
(63, 4, 10, 'Farez Prieto', 105, 3, 0, '', '2016-09-08 15:27:29', '2016-09-08', '190.146.224.114'),
(64, 4, 9, 'Farez Prieto', 105, 2, 0, '', '2016-09-08 15:27:29', '2016-09-08', '190.146.224.114'),
(65, 4, 8, 'Farez Prieto', 105, 1, 0, '', '2016-09-08 15:27:29', '2016-09-08', '190.146.224.114'),
(66, 4, 6, 'Pepito perez', 106, 0, 0, '', '2016-09-08 15:33:38', '2016-09-08', '190.146.224.114'),
(67, 4, 7, 'Pepito perez', 106, 0, 0, '', '2016-09-08 15:33:39', '2016-09-08', '190.146.224.114'),
(68, 4, 8, 'Pepito perez', 106, 0, 0, '', '2016-09-08 15:33:39', '2016-09-08', '190.146.224.114'),
(69, 4, 9, 'Pepito perez', 106, 0, 0, '', '2016-09-08 15:33:39', '2016-09-08', '190.146.224.114'),
(70, 4, 10, 'Pepito perez', 106, 0, 0, '', '2016-09-08 15:33:39', '2016-09-08', '190.146.224.114'),
(71, 4, 6, 'Pepito perez', 106, 0, 0, '', '2016-09-08 15:34:38', '2016-09-08', '190.146.224.114'),
(72, 4, 7, 'Pepito perez', 106, 0, 0, '', '2016-09-08 15:34:38', '2016-09-08', '190.146.224.114'),
(73, 4, 8, 'Pepito perez', 106, 0, 0, '', '2016-09-08 15:34:38', '2016-09-08', '190.146.224.114'),
(74, 4, 10, 'Pepito perez', 106, 0, 0, '', '2016-09-08 15:34:38', '2016-09-08', '190.146.224.114'),
(75, 4, 9, 'Pepito perez', 106, 0, 0, '', '2016-09-08 15:34:38', '2016-09-08', '190.146.224.114'),
(76, 4, 8, 'Pepito perez', 106, 3, 0, '', '2016-09-08 15:37:09', '2016-09-08', '190.146.224.114'),
(77, 4, 7, 'Pepito perez', 106, 2, 0, '', '2016-09-08 15:37:10', '2016-09-08', '190.146.224.114'),
(78, 4, 6, 'Pepito perez', 106, 1, 0, '', '2016-09-08 15:37:10', '2016-09-08', '190.146.224.114'),
(79, 4, 9, 'Pepito perez', 106, 4, 0, '', '2016-09-08 15:37:10', '2016-09-08', '190.146.224.114'),
(80, 4, 10, 'Pepito perez', 106, 5, 0, '', '2016-09-08 15:37:10', '2016-09-08', '190.146.224.114'),
(81, 4, 6, 'Farez Prieto', 101, 5, 0, '', '2016-09-29 10:23:22', '2016-09-29', '190.146.224.114'),
(82, 4, 7, 'Farez Prieto', 101, 4, 0, '', '2016-09-29 10:23:23', '2016-09-29', '190.146.224.114'),
(83, 4, 9, 'Farez Prieto', 101, 2, 0, '', '2016-09-29 10:23:23', '2016-09-29', '190.146.224.114'),
(84, 4, 10, 'Farez Prieto', 101, 1, 0, '', '2016-09-29 10:23:23', '2016-09-29', '190.146.224.114'),
(85, 4, 8, 'Farez Prieto', 101, 3, 0, '', '2016-09-29 10:23:23', '2016-09-29', '190.146.224.114'),
(86, 4, 7, 'Farez Prieto', 504, 4, 0, '', '2016-09-29 11:06:09', '2016-09-29', '190.146.224.114'),
(87, 4, 8, 'Farez Prieto', 504, 3, 0, '', '2016-09-29 11:06:10', '2016-09-29', '190.146.224.114'),
(88, 4, 10, 'Farez Prieto', 504, 1, 0, '', '2016-09-29 11:06:11', '2016-09-29', '190.146.224.114'),
(89, 4, 9, 'Farez Prieto', 504, 2, 0, '', '2016-09-29 11:06:11', '2016-09-29', '190.146.224.114'),
(90, 4, 6, 'Farez Prieto', 504, 5, 0, '', '2016-09-29 11:06:11', '2016-09-29', '190.146.224.114'),
(91, 4, 6, 'Farez', 456, 1, 0, '', '2016-09-29 11:07:58', '2016-09-29', '190.9.200.203'),
(92, 4, 8, 'Farez', 456, 3, 0, '', '2016-09-29 11:07:59', '2016-09-29', '190.9.200.203'),
(93, 4, 9, 'Farez', 456, 4, 0, '', '2016-09-29 11:08:00', '2016-09-29', '190.9.200.203'),
(94, 4, 10, 'Farez', 456, 5, 0, '', '2016-09-29 11:08:00', '2016-09-29', '190.9.200.203'),
(95, 4, 7, 'Farez', 456, 2, 0, '', '2016-09-29 11:08:01', '2016-09-29', '190.9.200.203'),
(96, 4, 8, 'Elkin', 567, 3, 0, '', '2016-09-29 11:08:34', '2016-09-29', '190.9.200.203'),
(97, 4, 7, 'Elkin', 567, 2, 0, '', '2016-09-29 11:08:34', '2016-09-29', '190.9.200.203'),
(98, 4, 6, 'Elkin', 567, 1, 0, '', '2016-09-29 11:08:35', '2016-09-29', '190.9.200.203'),
(99, 4, 10, 'Elkin', 567, 5, 0, '', '2016-09-29 11:08:35', '2016-09-29', '190.9.200.203'),
(100, 4, 9, 'Elkin', 567, 4, 0, '', '2016-09-29 11:08:35', '2016-09-29', '190.9.200.203'),
(101, 4, 6, 'Pedro', 898, 1, 0, '', '2016-09-29 11:42:24', '2016-09-29', '190.9.200.203'),
(102, 4, 8, 'Pedro', 898, 4, 0, '', '2016-09-29 11:42:24', '2016-09-29', '190.9.200.203'),
(103, 4, 7, 'Pedro', 898, 5, 0, '', '2016-09-29 11:42:24', '2016-09-29', '190.9.200.203'),
(104, 4, 9, 'Pedro', 898, 3, 0, '', '2016-09-29 11:42:25', '2016-09-29', '190.9.200.203'),
(105, 4, 10, 'Pedro', 898, 2, 0, '', '2016-09-29 11:42:25', '2016-09-29', '190.9.200.203'),
(106, 4, 6, 'Luis', 999, 5, 0, '', '2016-09-29 11:43:29', '2016-09-29', '190.9.200.203'),
(107, 4, 8, 'Luis', 999, 3, 0, '', '2016-09-29 11:43:29', '2016-09-29', '190.9.200.203'),
(108, 4, 7, 'Luis', 999, 4, 0, '', '2016-09-29 11:43:29', '2016-09-29', '190.9.200.203'),
(109, 4, 10, 'Luis', 999, 1, 0, '', '2016-09-29 11:43:29', '2016-09-29', '190.9.200.203'),
(110, 4, 9, 'Luis', 999, 2, 0, '', '2016-09-29 11:43:30', '2016-09-29', '190.9.200.203'),
(111, 4, 9, 'Jorge', 345, 1, 0, '', '2016-09-29 11:43:48', '2016-09-29', '190.9.200.203'),
(112, 4, 7, 'Jorge', 345, 3, 0, '', '2016-09-29 11:43:48', '2016-09-29', '190.9.200.203'),
(113, 4, 8, 'Jorge', 345, 2, 0, '', '2016-09-29 11:43:48', '2016-09-29', '190.9.200.203'),
(114, 4, 10, 'Jorge', 345, 5, 0, '', '2016-09-29 11:43:48', '2016-09-29', '190.9.200.203'),
(115, 4, 6, 'Jorge', 345, 4, 0, '', '2016-09-29 11:43:49', '2016-09-29', '190.9.200.203'),
(116, 4, 7, 'Pablo', 234, 2, 0, '', '2016-09-29 11:44:10', '2016-09-29', '190.9.200.203'),
(117, 4, 8, 'Pablo', 234, 3, 0, '', '2016-09-29 11:44:10', '2016-09-29', '190.9.200.203'),
(118, 4, 6, 'Pablo', 234, 5, 0, '', '2016-09-29 11:44:11', '2016-09-29', '190.9.200.203'),
(119, 4, 10, 'Pablo', 234, 1, 0, '', '2016-09-29 11:44:11', '2016-09-29', '190.9.200.203'),
(120, 4, 9, 'Pablo', 234, 4, 0, '', '2016-09-29 11:44:11', '2016-09-29', '190.9.200.203'),
(121, 4, 6, 'Daniel', 87, 5, 0, '', '2016-09-29 11:44:45', '2016-09-29', '190.9.200.203'),
(122, 4, 7, 'Daniel', 87, 3, 0, '', '2016-09-29 11:44:45', '2016-09-29', '190.9.200.203'),
(123, 4, 8, 'Daniel', 87, 4, 0, '', '2016-09-29 11:44:45', '2016-09-29', '190.9.200.203'),
(124, 4, 9, 'Daniel', 87, 1, 0, '', '2016-09-29 11:44:45', '2016-09-29', '190.9.200.203'),
(125, 4, 10, 'Daniel', 87, 2, 0, '', '2016-09-29 11:44:46', '2016-09-29', '190.9.200.203'),
(126, 4, 10, 'Hung', 987, 1, 0, '', '2016-09-29 11:45:22', '2016-09-29', '190.9.200.203'),
(127, 4, 6, 'Hung', 987, 5, 0, '', '2016-09-29 11:45:22', '2016-09-29', '190.9.200.203'),
(128, 4, 9, 'Hung', 987, 3, 0, '', '2016-09-29 11:45:22', '2016-09-29', '190.9.200.203'),
(129, 4, 7, 'Hung', 987, 2, 0, '', '2016-09-29 11:45:23', '2016-09-29', '190.9.200.203'),
(130, 4, 8, 'Hung', 987, 4, 0, '', '2016-09-29 11:45:23', '2016-09-29', '190.9.200.203'),
(131, 4, 7, 'Uran', 234, 5, 0, '', '2016-09-29 11:48:37', '2016-09-29', '190.9.200.203'),
(132, 4, 6, 'Uran', 234, 4, 0, '', '2016-09-29 11:48:37', '2016-09-29', '190.9.200.203'),
(133, 4, 8, 'Uran', 234, 3, 0, '', '2016-09-29 11:48:37', '2016-09-29', '190.9.200.203'),
(134, 4, 9, 'Uran', 234, 1, 0, '', '2016-09-29 11:48:37', '2016-09-29', '190.9.200.203'),
(135, 4, 10, 'Uran', 234, 2, 0, '', '2016-09-29 11:48:37', '2016-09-29', '190.9.200.203'),
(136, 4, 6, 'Pepe', 204, 5, 0, '', '2016-10-08 22:43:23', '2016-10-08', '186.29.219.68'),
(137, 4, 7, 'Pepe', 204, 4, 0, '', '2016-10-08 22:43:23', '2016-10-08', '186.29.219.68'),
(138, 4, 8, 'Pepe', 204, 3, 0, '', '2016-10-08 22:43:24', '2016-10-08', '186.29.219.68'),
(139, 4, 9, 'Pepe', 204, 2, 0, '', '2016-10-08 22:43:24', '2016-10-08', '186.29.219.68'),
(140, 4, 10, 'Pepe', 204, 1, 0, 'Gjfjbvjgcnbc', '2016-10-08 22:43:24', '2016-10-08', '186.29.219.68'),
(141, 4, 7, 'juan', 606, 4, 0, '', '2016-10-12 11:39:29', '2016-10-12', '190.9.201.115'),
(142, 4, 9, 'juan', 606, 2, 0, '', '2016-10-12 11:39:30', '2016-10-12', '190.9.201.115'),
(143, 4, 10, 'juan', 606, 1, 0, '', '2016-10-12 11:39:30', '2016-10-12', '190.9.201.115'),
(144, 4, 8, 'juan', 606, 3, 0, '', '2016-10-12 11:39:30', '2016-10-12', '190.9.201.115'),
(145, 4, 6, 'juan', 606, 5, 0, '', '2016-10-12 11:39:30', '2016-10-12', '190.9.201.115'),
(146, 4, 6, 'dfd', 55, 1, 0, '', '2016-10-25 14:07:55', '2016-10-25', '190.146.224.114'),
(147, 4, 7, 'dfd', 55, 3, 0, '', '2016-10-25 14:07:55', '2016-10-25', '190.146.224.114'),
(148, 4, 9, 'dfd', 55, 3, 0, '', '2016-10-25 14:07:55', '2016-10-25', '190.146.224.114'),
(149, 4, 10, 'dfd', 55, 3, 0, '', '2016-10-25 14:07:55', '2016-10-25', '190.146.224.114'),
(150, 4, 8, 'dfd', 55, 2, 0, '', '2016-10-25 14:07:56', '2016-10-25', '190.146.224.114'),
(151, 4, 6, 'wew', 343, 2, 0, '', '2016-10-25 14:11:25', '2016-10-25', '190.146.224.114'),
(152, 4, 7, 'wew', 343, 4, 0, '', '2016-10-25 14:11:26', '2016-10-25', '190.146.224.114'),
(153, 4, 8, 'wew', 343, 4, 0, '', '2016-10-25 14:11:26', '2016-10-25', '190.146.224.114'),
(154, 4, 10, 'wew', 343, 4, 0, '', '2016-10-25 14:11:26', '2016-10-25', '190.146.224.114'),
(155, 4, 9, 'wew', 343, 4, 0, '', '2016-10-25 14:11:26', '2016-10-25', '190.146.224.114'),
(156, 4, 6, 'Gghh', 5677, 5, 0, '', '2016-10-25 17:52:08', '2016-10-25', '190.146.224.114'),
(157, 4, 9, 'Gghh', 5677, 5, 0, '', '2016-10-25 17:52:08', '2016-10-25', '190.146.224.114'),
(158, 4, 7, 'Gghh', 5677, 5, 0, '', '2016-10-25 17:52:09', '2016-10-25', '190.146.224.114'),
(159, 4, 10, 'Gghh', 5677, 4, 0, '', '2016-10-25 17:52:09', '2016-10-25', '190.146.224.114'),
(160, 4, 8, 'Gghh', 5677, 4, 0, '', '2016-10-25 17:52:09', '2016-10-25', '190.146.224.114');

/*!40101 SET CHARACTER_SET_CLIENT=@OLD_CHARACTER_SET_CLIENT */;
/*!40101 SET CHARACTER_SET_RESULTS=@OLD_CHARACTER_SET_RESULTS */;
/*!40101 SET COLLATION_CONNECTION=@OLD_COLLATION_CONNECTION */;
